Workbook
Name coalition: Valeurs!$A$22:$A$37

Sheet Partie A
A1: Partie A
D3: Équipe 1 | E3: Équipe 2 | F3: Équipe 3 | G3: Équipe 4 | H3: Équipe 5 | I3: Équipe 6 | J3: Équipe 7 | K3: Équipe 8
B4: Coalitions | C4: #1 | D4: C2 + C4 | E4: C1 + C2 | F4: C2 + C3 | G4: C2 + C3 | H4: C2 + C3 | I4: C2 + C3 | J4: C1 + C4 | K4: C1 + C4
C5: #2 | D5: C1 + C3 | E5: C3 | F5: C1 + C4 | G5: C1 | H5: C1 + C4 | I5: C1 + C4 | J5: C2 + C3 | K5: C2 + C3
C6: #3 | E6: C4 | G6: C4
C7: #4
A8: Économies (kNOK) | B8: Coalitions | C8: #1 | D8: =VLOOKUP(IF(ISBLANK(D4)," ",D4),Valeurs!$A$3:$D$18,4,FALSE) -> 780 | E8: =VLOOKUP(IF(ISBLANK(E4)," ",E4),Valeurs!$A$3:$D$18,4,FALSE) -> 340 | F8: =VLOOKUP(IF(ISBLANK(F4)," ",F4),Valeurs!$A$3:$D$18,4,FALSE) -> 990 | G8: =VLOOKUP(IF(ISBLANK(G4)," ",G4),Valeurs!$A$3:$D$18,4,FALSE) -> 990 | H8: =VLOOKUP(IF(ISBLANK(H4)," ",H4),Valeurs!$A$3:$D$18,4,FALSE) -> 990 | I8: =VLOOKUP(IF(ISBLANK(I4)," ",I4),Valeurs!$A$3:$D$18,4,FALSE) -> 990 | J8: =VLOOKUP(IF(ISBLANK(J4)," ",J4),Valeurs!$A$3:$D$18,4,FALSE) -> 230 | K8: =VLOOKUP(IF(ISBLANK(K4)," ",K4),Valeurs!$A$3:$D$18,4,FALSE) -> 230
C9: #2 | D9: =VLOOKUP(IF(ISBLANK(D5)," ",D5),Valeurs!$A$3:$D$18,4,FALSE) -> 120 | E9: =VLOOKUP(IF(ISBLANK(E5)," ",E5),Valeurs!$A$3:$D$18,4,FALSE) -> 0 | F9: =VLOOKUP(IF(ISBLANK(F5)," ",F5),Valeurs!$A$3:$D$18,4,FALSE) -> 230 | G9: =VLOOKUP(IF(ISBLANK(G5)," ",G5),Valeurs!$A$3:$D$18,4,FALSE) -> 0 | H9: =VLOOKUP(IF(ISBLANK(H5)," ",H5),Valeurs!$A$3:$D$18,4,FALSE) -> 230 | I9: =VLOOKUP(IF(ISBLANK(I5)," ",I5),Valeurs!$A$3:$D$18,4,FALSE) -> 230 | J9: =VLOOKUP(IF(ISBLANK(J5)," ",J5),Valeurs!$A$3:$D$18,4,FALSE) -> 990 | K9: =VLOOKUP(IF(ISBLANK(K5)," ",K5),Valeurs!$A$3:$D$18,4,FALSE) -> 990
C10: #3 | D10: =VLOOKUP(IF(ISBLANK(D6)," ",D6),Valeurs!$A$3:$D$18,4,FALSE) | E10: =VLOOKUP(IF(ISBLANK(E6)," ",E6),Valeurs!$A$3:$D$18,4,FALSE) -> 0 | F10: =VLOOKUP(IF(ISBLANK(F6)," ",F6),Valeurs!$A$3:$D$18,4,FALSE) | G10: =VLOOKUP(IF(ISBLANK(G6)," ",G6),Valeurs!$A$3:$D$18,4,FALSE) -> 0 | H10: =VLOOKUP(IF(ISBLANK(H6)," ",H6),Valeurs!$A$3:$D$18,4,FALSE) | I10: =VLOOKUP(IF(ISBLANK(I6)," ",I6),Valeurs!$A$3:$D$18,4,FALSE) | J10: =VLOOKUP(IF(ISBLANK(J6)," ",J6),Valeurs!$A$3:$D$18,4,FALSE) | K10: =VLOOKUP(IF(ISBLANK(K6)," ",K6),Valeurs!$A$3:$D$18,4,FALSE)
C11: #4 | D11: =VLOOKUP(IF(ISBLANK(D7)," ",D7),Valeurs!$A$3:$D$18,4,FALSE) | E11: =VLOOKUP(IF(ISBLANK(E7)," ",E7),Valeurs!$A$3:$D$18,4,FALSE) | F11: =VLOOKUP(IF(ISBLANK(F7)," ",F7),Valeurs!$A$3:$D$18,4,FALSE) | G11: =VLOOKUP(IF(ISBLANK(G7)," ",G7),Valeurs!$A$3:$D$18,4,FALSE) | H11: =VLOOKUP(IF(ISBLANK(H7)," ",H7),Valeurs!$A$3:$D$18,4,FALSE) | I11: =VLOOKUP(IF(ISBLANK(I7)," ",I7),Valeurs!$A$3:$D$18,4,FALSE) | J11: =VLOOKUP(IF(ISBLANK(J7)," ",J7),Valeurs!$A$3:$D$18,4,FALSE) | K11: =VLOOKUP(IF(ISBLANK(K7)," ",K7),Valeurs!$A$3:$D$18,4,FALSE)
B12: Compagnies | C12: C1 | D12: 60 | E12: 40 | F12: 100 | H12: 103.5 | I12: 110 | J12: 115 | K12: 107
C13: C2 | D13: 585 | E13: 300 | F13: 594 | G13: 544.5 | H13: 594 | I13: 565 | J13: 615 | K13: 558
C14: C3 | D14: 60 | F14: 396 | G14: 445.5 | H14: 396 | I14: 425 | J14: 375 | K14: 431
C15: C4 | D15: 195 | F15: 130 | G15: 0 | H15: 126.5 | I15: 120 | J15: 115 | K15: 124
B16: Total | D16: =SUM(D8:D11) -> 900 | E16: =SUM(E8:E11) -> 340 | F16: =SUM(F8:F11) -> 1220 | G16: =SUM(G8:G11) -> 990 | H16: =SUM(H8:H11) -> 1220 | I16: =SUM(I8:I11) -> 1220 | J16: =SUM(J8:J11) -> 1220 | K16: =SUM(K8:K11) -> 1220
C17: Total2 | D17: =SUM(D12:D15) -> 900 | E17: =SUM(E12:E15) -> 340 | F17: =SUM(F12:F15) -> 1220 | G17: =SUM(G12:G15) -> 990 | H17: =SUM(H12:H15) -> 1220 | I17: =SUM(I12:I15) -> 1220 | J17: =SUM(J12:J15) -> 1220 | K17: =SUM(K12:K15) -> 1220
D18: =ABS(D16-D17) -> 0 | E18: =ABS(E16-E17) -> 0 | F18: =ABS(F16-F17) -> 0 | G18: =ABS(G16-G17) -> 0 | H18: =ABS(H16-H17) -> 0 | I18: =ABS(I16-I17) -> 0 | J18: =ABS(J16-J17) -> 0 | K18: =ABS(K16-K17) -> 0
D20: Équipe 1 | E20: Équipe 2 | F20: Équipe 3 | G20: Équipe 4 | H20: Équipe 5 | I20: Équipe 6 | J20: Équipe 7 | K20: Équipe 8
B21: Coalitions | C21: #1 | D21: =IF(ISBLANK(D4)," ",D4) -> C2 + C4 | E21: =IF(ISBLANK(E4)," ",E4) -> C1 + C2 | F21: =IF(ISBLANK(F4)," ",F4) -> C2 + C3 | G21: =IF(ISBLANK(G4)," ",G4) -> C2 + C3 | H21: =IF(ISBLANK(H4)," ",H4) -> C2 + C3 | I21: =IF(ISBLANK(I4)," ",I4) -> C2 + C3 | J21: =IF(ISBLANK(J4)," ",J4) -> C1 + C4 | K21: =IF(ISBLANK(K4)," ",K4) -> C1 + C4
C22: #2 | D22: =IF(ISBLANK(D5)," ",D5) -> C1 + C3 | E22: =IF(ISBLANK(E5)," ",E5) -> C3 | F22: =IF(ISBLANK(F5)," ",F5) -> C1 + C4 | G22: =IF(ISBLANK(G5)," ",G5) -> C1 | H22: =IF(ISBLANK(H5)," ",H5) -> C1 + C4 | I22: =IF(ISBLANK(I5)," ",I5) -> C1 + C4 | J22: =IF(ISBLANK(J5)," ",J5) -> C2 + C3 | K22: =IF(ISBLANK(K5)," ",K5) -> C2 + C3
C23: #3 | D23: =IF(ISBLANK(D6)," ",D6) | E23: =IF(ISBLANK(E6)," ",E6) -> C4 | F23: =IF(ISBLANK(F6)," ",F6) | G23: =IF(ISBLANK(G6)," ",G6) -> C4 | H23: =IF(ISBLANK(H6)," ",H6) | I23: =IF(ISBLANK(I6)," ",I6) | J23: =IF(ISBLANK(J6)," ",J6) | K23: =IF(ISBLANK(K6)," ",K6)
C24: #4 | D24: =IF(ISBLANK(D7)," ",D7) | E24: =IF(ISBLANK(E7)," ",E7) | F24: =IF(ISBLANK(F7)," ",F7) | G24: =IF(ISBLANK(G7)," ",G7) | H24: =IF(ISBLANK(H7)," ",H7) | I24: =IF(ISBLANK(I7)," ",I7) | J24: =IF(ISBLANK(J7)," ",J7) | K24: =IF(ISBLANK(K7)," ",K7)
A25: Économies (%) | B25: Coalitions | C25: #1 | D25: =VLOOKUP(D21,Valeurs!$A$3:$E$18,5,FALSE) -> 3.94 | E25: =VLOOKUP(E21,Valeurs!$A$3:$E$18,5,FALSE) -> 1.82 | F25: =VLOOKUP(F21,Valeurs!$A$3:$E$18,5,FALSE) -> 3.93 | G25: =VLOOKUP(G21,Valeurs!$A$3:$E$18,5,FALSE) -> 3.93 | H25: =VLOOKUP(H21,Valeurs!$A$3:$E$18,5,FALSE) -> 3.93 | I25: =VLOOKUP(I21,Valeurs!$A$3:$E$18,5,FALSE) -> 3.93 | J25: =VLOOKUP(J21,Valeurs!$A$3:$E$18,5,FALSE) -> 2.63 | K25: =VLOOKUP(K21,Valeurs!$A$3:$E$18,5,FALSE) -> 2.63
C26: #2 | D26: =VLOOKUP(D22,Valeurs!$A$3:$E$18,5,FALSE) -> 0.85 | E26: =VLOOKUP(E22,Valeurs!$A$3:$E$18,5,FALSE) -> 0 | F26: =VLOOKUP(F22,Valeurs!$A$3:$E$18,5,FALSE) -> 2.63 | G26: =VLOOKUP(G22,Valeurs!$A$3:$E$18,5,FALSE) -> 0 | H26: =VLOOKUP(H22,Valeurs!$A$3:$E$18,5,FALSE) -> 2.63 | I26: =VLOOKUP(I22,Valeurs!$A$3:$E$18,5,FALSE) -> 2.63 | J26: =VLOOKUP(J22,Valeurs!$A$3:$E$18,5,FALSE) -> 3.93 | K26: =VLOOKUP(K22,Valeurs!$A$3:$E$18,5,FALSE) -> 3.93
C27: #3 | D27: =VLOOKUP(D23,Valeurs!$A$3:$E$18,5,FALSE) | E27: =VLOOKUP(E23,Valeurs!$A$3:$E$18,5,FALSE) -> 0 | F27: =VLOOKUP(F23,Valeurs!$A$3:$E$18,5,FALSE) | G27: =VLOOKUP(G23,Valeurs!$A$3:$E$18,5,FALSE) -> 0 | H27: =VLOOKUP(H23,Valeurs!$A$3:$E$18,5,FALSE) | I27: =VLOOKUP(I23,Valeurs!$A$3:$E$18,5,FALSE) | J27: =VLOOKUP(J23,Valeurs!$A$3:$E$18,5,FALSE) | K27: =VLOOKUP(K23,Valeurs!$A$3:$E$18,5,FALSE)
C28: #4 | D28: =VLOOKUP(D24,Valeurs!$A$3:$E$18,5,FALSE) | E28: =VLOOKUP(E24,Valeurs!$A$3:$E$18,5,FALSE) | F28: =VLOOKUP(F24,Valeurs!$A$3:$E$18,5,FALSE) | G28: =VLOOKUP(G24,Valeurs!$A$3:$E$18,5,FALSE) | H28: =VLOOKUP(H24,Valeurs!$A$3:$E$18,5,FALSE) | I28: =VLOOKUP(I24,Valeurs!$A$3:$E$18,5,FALSE) | J28: =VLOOKUP(J24,Valeurs!$A$3:$E$18,5,FALSE) | K28: =VLOOKUP(K24,Valeurs!$A$3:$E$18,5,FALSE)
B29: Compagnies | C29: C1 | D29: =D12/VLOOKUP($C29,Valeurs!$A$3:$D$18,3,FALSE)*100 -> 1.5873016 | E29: =E12/VLOOKUP($C29,Valeurs!$A$3:$D$18,3,FALSE)*100 -> 1.0582011 | F29: =F12/VLOOKUP($C29,Valeurs!$A$3:$D$18,3,FALSE)*100 -> 2.6455026 | G29: =G12/VLOOKUP($C29,Valeurs!$A$3:$D$18,3,FALSE)*100 -> 0 | H29: =H12/VLOOKUP($C29,Valeurs!$A$3:$D$18,3,FALSE)*100 -> 2.7380952 | I29: =I12/VLOOKUP($C29,Valeurs!$A$3:$D$18,3,FALSE)*100 -> 2.9100529 | J29: =J12/VLOOKUP($C29,Valeurs!$A$3:$D$18,3,FALSE)*100 -> 3.042328 | K29: =K12/VLOOKUP($C29,Valeurs!$A$3:$D$18,3,FALSE)*100 -> 2.8306878
C30: C2 | D30: =D13/VLOOKUP($C30,Valeurs!$A$3:$D$18,3,FALSE)*100 -> 3.9367429 | E30: =E13/VLOOKUP($C30,Valeurs!$A$3:$D$18,3,FALSE)*100 -> 2.0188425 | F30: =F13/VLOOKUP($C30,Valeurs!$A$3:$D$18,3,FALSE)*100 -> 3.9973082 | G30: =G13/VLOOKUP($C30,Valeurs!$A$3:$D$18,3,FALSE)*100 -> 3.6641992 | H30: =H13/VLOOKUP($C30,Valeurs!$A$3:$D$18,3,FALSE)*100 -> 3.9973082 | I30: =I13/VLOOKUP($C30,Valeurs!$A$3:$D$18,3,FALSE)*100 -> 3.8021534 | J30: =J13/VLOOKUP($C30,Valeurs!$A$3:$D$18,3,FALSE)*100 -> 4.1386272 | K30: =K13/VLOOKUP($C30,Valeurs!$A$3:$D$18,3,FALSE)*100 -> 3.7550471
C31: C3 | D31: =D14/VLOOKUP($C31,Valeurs!$A$3:$D$18,3,FALSE)*100 -> 0.58027079 | E31: =E14/VLOOKUP($C31,Valeurs!$A$3:$D$18,3,FALSE)*100 -> 0 | F31: =F14/VLOOKUP($C31,Valeurs!$A$3:$D$18,3,FALSE)*100 -> 3.8297872 | G31: =G14/VLOOKUP($C31,Valeurs!$A$3:$D$18,3,FALSE)*100 -> 4.3085106 | H31: =H14/VLOOKUP($C31,Valeurs!$A$3:$D$18,3,FALSE)*100 -> 3.8297872 | I31: =I14/VLOOKUP($C31,Valeurs!$A$3:$D$18,3,FALSE)*100 -> 4.1102515 | J31: =J14/VLOOKUP($C31,Valeurs!$A$3:$D$18,3,FALSE)*100 -> 3.6266925 | K31: =K14/VLOOKUP($C31,Valeurs!$A$3:$D$18,3,FALSE)*100 -> 4.1682785
C32: C4 | D32: =D15/VLOOKUP($C32,Valeurs!$A$3:$D$18,3,FALSE)*100 -> 3.9314516 | E32: =E15/VLOOKUP($C32,Valeurs!$A$3:$D$18,3,FALSE)*100 -> 0 | F32: =F15/VLOOKUP($C32,Valeurs!$A$3:$D$18,3,FALSE)*100 -> 2.6209677 | G32: =G15/VLOOKUP($C32,Valeurs!$A$3:$D$18,3,FALSE)*100 -> 0 | H32: =H15/VLOOKUP($C32,Valeurs!$A$3:$D$18,3,FALSE)*100 -> 2.5504032 | I32: =I15/VLOOKUP($C32,Valeurs!$A$3:$D$18,3,FALSE)*100 -> 2.4193548 | J32: =J15/VLOOKUP($C32,Valeurs!$A$3:$D$18,3,FALSE)*100 -> 2.3185484 | K32: =K15/VLOOKUP($C32,Valeurs!$A$3:$D$18,3,FALSE)*100 -> 2.5

Sheet Partie B
A1: Partie B
D3: Équipe 1 | E3: Équipe 2 | F3: Équipe 3 | G3: Équipe 4 | H3: Équipe 5 | I3: Équipe 6 | J3: Équipe 7 | K3: Équipe 8
B4: Coalitions | C4: #1 | D4: C1+C2+C3+C4 | E4: C1+C2+C3+C4 | F4: C1+C2+C3+C4 | G4: C1+C2+C3+C4 | H4: C1+C2+C3+C4 | I4: C1+C2+C3+C4 | J4: C1 | K4: C1+C2+C3+C4
C5: #2 | J5: C2+C3+C4
C6: #3
C7: #4
A8: Économies (kNOK) | B8: Coalitions | C8: #1 | D8: =VLOOKUP(IF(ISBLANK(D4)," ",D4),Valeurs!$A$3:$D$18,4,FALSE) -> 1940 | E8: =VLOOKUP(IF(ISBLANK(E4)," ",E4),Valeurs!$A$3:$D$18,4,FALSE) -> 1940 | F8: =VLOOKUP(IF(ISBLANK(F4)," ",F4),Valeurs!$A$3:$D$18,4,FALSE) -> 1940 | G8: =VLOOKUP(IF(ISBLANK(G4)," ",G4),Valeurs!$A$3:$D$18,4,FALSE) -> 1940 | H8: =VLOOKUP(IF(ISBLANK(H4)," ",H4),Valeurs!$A$3:$D$18,4,FALSE) -> 1940 | I8: =VLOOKUP(IF(ISBLANK(I4)," ",I4),Valeurs!$A$3:$D$18,4,FALSE) -> 1940 | J8: =VLOOKUP(IF(ISBLANK(J4)," ",J4),Valeurs!$A$3:$D$18,4,FALSE) -> 0 | K8: =VLOOKUP(IF(ISBLANK(K4)," ",K4),Valeurs!$A$3:$D$18,4,FALSE) -> 1940
C9: #2 | D9: =VLOOKUP(IF(ISBLANK(D5)," ",D5),Valeurs!$A$3:$D$18,4,FALSE) | E9: =VLOOKUP(IF(ISBLANK(E5)," ",E5),Valeurs!$A$3:$D$18,4,FALSE) | F9: =VLOOKUP(IF(ISBLANK(F5)," ",F5),Valeurs!$A$3:$D$18,4,FALSE) | G9: =VLOOKUP(IF(ISBLANK(G5)," ",G5),Valeurs!$A$3:$D$18,4,FALSE) | H9: =VLOOKUP(IF(ISBLANK(H5)," ",H5),Valeurs!$A$3:$D$18,4,FALSE) | I9: =VLOOKUP(IF(ISBLANK(I5)," ",I5),Valeurs!$A$3:$D$18,4,FALSE) | J9: =VLOOKUP(IF(ISBLANK(J5)," ",J5),Valeurs!$A$3:$D$18,4,FALSE) -> 1760 | K9: =VLOOKUP(IF(ISBLANK(K5)," ",K5),Valeurs!$A$3:$D$18,4,FALSE)
C10: #3 | D10: =VLOOKUP(IF(ISBLANK(D6)," ",D6),Valeurs!$A$3:$D$18,4,FALSE) | E10: =VLOOKUP(IF(ISBLANK(E6)," ",E6),Valeurs!$A$3:$D$18,4,FALSE) | F10: =VLOOKUP(IF(ISBLANK(F6)," ",F6),Valeurs!$A$3:$D$18,4,FALSE) | G10: =VLOOKUP(IF(ISBLANK(G6)," ",G6),Valeurs!$A$3:$D$18,4,FALSE) | H10: =VLOOKUP(IF(ISBLANK(H6)," ",H6),Valeurs!$A$3:$D$18,4,FALSE) | I10: =VLOOKUP(IF(ISBLANK(I6)," ",I6),Valeurs!$A$3:$D$18,4,FALSE) | J10: =VLOOKUP(IF(ISBLANK(J6)," ",J6),Valeurs!$A$3:$D$18,4,FALSE) | K10: =VLOOKUP(IF(ISBLANK(K6)," ",K6),Valeurs!$A$3:$D$18,4,FALSE)
C11: #4 | D11: =VLOOKUP(IF(ISBLANK(D7)," ",D7),Valeurs!$A$3:$D$18,4,FALSE) | E11: =VLOOKUP(IF(ISBLANK(E7)," ",E7),Valeurs!$A$3:$D$18,4,FALSE) | F11: =VLOOKUP(IF(ISBLANK(F7)," ",F7),Valeurs!$A$3:$D$18,4,FALSE) | G11: =VLOOKUP(IF(ISBLANK(G7)," ",G7),Valeurs!$A$3:$D$18,4,FALSE) | H11: =VLOOKUP(IF(ISBLANK(H7)," ",H7),Valeurs!$A$3:$D$18,4,FALSE) | I11: =VLOOKUP(IF(ISBLANK(I7)," ",I7),Valeurs!$A$3:$D$18,4,FALSE) | J11: =VLOOKUP(IF(ISBLANK(J7)," ",J7),Valeurs!$A$3:$D$18,4,FALSE) | K11: =VLOOKUP(IF(ISBLANK(K7)," ",K7),Valeurs!$A$3:$D$18,4,FALSE)
B12: Compagnies | C12: C1 | D12: 183 | E12: 177 | F12: 211 | G12: 150 | H12: 320 | I12: 200 | J12: 5 | K12: 180
C13: C2 | D13: 851 | E13: 868 | F13: 849 | G13: 890 | H13: 669 | I13: 864 | J13: 800 | K13: 852
C14: C3 | D14: 655 | E14: 606 | F14: 578 | G14: 590 | H14: 572 | I14: 576 | J14: 656 | K14: 656
C15: C4 | D15: 251 | E15: 289 | F15: 302 | G15: 310 | H15: 379 | I15: 300 | J15: 299 | K15: 252
B16: Total | D16: =SUM(D8:D11) -> 1940 | E16: =SUM(E8:E11) -> 1940 | F16: =SUM(F8:F11) -> 1940 | G16: =SUM(G8:G11) -> 1940 | H16: =SUM(H8:H11) -> 1940 | I16: =SUM(I8:I11) -> 1940 | J16: =SUM(J8:J11) -> 1760 | K16: =SUM(K8:K11) -> 1940
C17: Total2 | D17: =SUM(D12:D15) -> 1940 | E17: =SUM(E12:E15) -> 1940 | F17: =SUM(F12:F15) -> 1940 | G17: =SUM(G12:G15) -> 1940 | H17: =SUM(H12:H15) -> 1940 | I17: =SUM(I12:I15) -> 1940 | J17: =SUM(J12:J15) -> 1760 | K17: =SUM(K12:K15) -> 1940
D18: =ABS(D16-D17) -> 0 | E18: =ABS(E16-E17) -> 0 | F18: =ABS(F16-F17) -> 0 | G18: =ABS(G16-G17) -> 0 | H18: =ABS(H16-H17) -> 0 | I18: =ABS(I16-I17) -> 0 | J18: =ABS(J16-J17) -> 0 | K18: =ABS(K16-K17) -> 0
D20: Équipe 1 | E20: Équipe 2 | F20: Équipe 3 | G20: Équipe 4 | H20: Équipe 5 | I20: Équipe 6 | J20: Équipe 7 | K20: Équipe 8
B21: Coalitions | C21: #1 | D21: =IF(ISBLANK(D4)," ",D4) -> C1+C2+C3+C4 | E21: =IF(ISBLANK(E4)," ",E4) -> C1+C2+C3+C4 | F21: =IF(ISBLANK(F4)," ",F4) -> C1+C2+C3+C4 | G21: =IF(ISBLANK(G4)," ",G4) -> C1+C2+C3+C4 | H21: =IF(ISBLANK(H4)," ",H4) -> C1+C2+C3+C4 | I21: =IF(ISBLANK(I4)," ",I4) -> C1+C2+C3+C4 | J21: =IF(ISBLANK(J4)," ",J4) -> C1 | K21: =IF(ISBLANK(K4)," ",K4) -> C1+C2+C3+C4
C22: #2 | D22: =IF(ISBLANK(D5)," ",D5) | E22: =IF(ISBLANK(E5)," ",E5) | F22: =IF(ISBLANK(F5)," ",F5) | G22: =IF(ISBLANK(G5)," ",G5) | H22: =IF(ISBLANK(H5)," ",H5) | I22: =IF(ISBLANK(I5)," ",I5) | J22: =IF(ISBLANK(J5)," ",J5) -> C2+C3+C4 | K22: =IF(ISBLANK(K5)," ",K5)
C23: #3 | D23: =IF(ISBLANK(D6)," ",D6) | E23: =IF(ISBLANK(E6)," ",E6) | F23: =IF(ISBLANK(F6)," ",F6) | G23: =IF(ISBLANK(G6)," ",G6) | H23: =IF(ISBLANK(H6)," ",H6) | I23: =IF(ISBLANK(I6)," ",I6) | J23: =IF(ISBLANK(J6)," ",J6) | K23: =IF(ISBLANK(K6)," ",K6)
C24: #4 | D24: =IF(ISBLANK(D7)," ",D7) | E24: =IF(ISBLANK(E7)," ",E7) | F24: =IF(ISBLANK(F7)," ",F7) | G24: =IF(ISBLANK(G7)," ",G7) | H24: =IF(ISBLANK(H7)," ",H7) | I24: =IF(ISBLANK(I7)," ",I7) | J24: =IF(ISBLANK(J7)," ",J7) | K24: =IF(ISBLANK(K7)," ",K7)
A25: Économies (%) | B25: Coalitions | C25: #1 | D25: =VLOOKUP(D21,Valeurs!$A$3:$E$18,5,FALSE) -> 5.72 | E25: =VLOOKUP(E21,Valeurs!$A$3:$E$18,5,FALSE) -> 5.72 | F25: =VLOOKUP(F21,Valeurs!$A$3:$E$18,5,FALSE) -> 5.72 | G25: =VLOOKUP(G21,Valeurs!$A$3:$E$18,5,FALSE) -> 5.72 | H25: =VLOOKUP(H21,Valeurs!$A$3:$E$18,5,FALSE) -> 5.72 | I25: =VLOOKUP(I21,Valeurs!$A$3:$E$18,5,FALSE) -> 5.72 | J25: =VLOOKUP(J21,Valeurs!$A$3:$E$18,5,FALSE) -> 0 | K25: =VLOOKUP(K21,Valeurs!$A$3:$E$18,5,FALSE) -> 5.72
C26: #2 | D26: =VLOOKUP(D22,Valeurs!$A$3:$E$18,5,FALSE) | E26: =VLOOKUP(E22,Valeurs!$A$3:$E$18,5,FALSE) | F26: =VLOOKUP(F22,Valeurs!$A$3:$E$18,5,FALSE) | G26: =VLOOKUP(G22,Valeurs!$A$3:$E$18,5,FALSE) | H26: =VLOOKUP(H22,Valeurs!$A$3:$E$18,5,FALSE) | I26: =VLOOKUP(I22,Valeurs!$A$3:$E$18,5,FALSE) | J26: =VLOOKUP(J22,Valeurs!$A$3:$E$18,5,FALSE) -> 5.84 | K26: =VLOOKUP(K22,Valeurs!$A$3:$E$18,5,FALSE)
C27: #3 | D27: =VLOOKUP(D23,Valeurs!$A$3:$E$18,5,FALSE) | E27: =VLOOKUP(E23,Valeurs!$A$3:$E$18,5,FALSE) | F27: =VLOOKUP(F23,Valeurs!$A$3:$E$18,5,FALSE) | G27: =VLOOKUP(G23,Valeurs!$A$3:$E$18,5,FALSE) | H27: =VLOOKUP(H23,Valeurs!$A$3:$E$18,5,FALSE) | I27: =VLOOKUP(I23,Valeurs!$A$3:$E$18,5,FALSE) | J27: =VLOOKUP(J23,Valeurs!$A$3:$E$18,5,FALSE) | K27: =VLOOKUP(K23,Valeurs!$A$3:$E$18,5,FALSE)
C28: #4 | D28: =VLOOKUP(D24,Valeurs!$A$3:$E$18,5,FALSE) | E28: =VLOOKUP(E24,Valeurs!$A$3:$E$18,5,FALSE) | F28: =VLOOKUP(F24,Valeurs!$A$3:$E$18,5,FALSE) | G28: =VLOOKUP(G24,Valeurs!$A$3:$E$18,5,FALSE) | H28: =VLOOKUP(H24,Valeurs!$A$3:$E$18,5,FALSE) | I28: =VLOOKUP(I24,Valeurs!$A$3:$E$18,5,FALSE) | J28: =VLOOKUP(J24,Valeurs!$A$3:$E$18,5,FALSE) | K28: =VLOOKUP(K24,Valeurs!$A$3:$E$18,5,FALSE)
B29: Compagnies | C29: C1 | D29: =D12/VLOOKUP($C29,Valeurs!$A$3:$D$18,3,FALSE)*100 -> 4.8412698 | E29: =E12/VLOOKUP($C29,Valeurs!$A$3:$D$18,3,FALSE)*100 -> 4.6825397 | F29: =F12/VLOOKUP($C29,Valeurs!$A$3:$D$18,3,FALSE)*100 -> 5.5820106 | G29: =G12/VLOOKUP($C29,Valeurs!$A$3:$D$18,3,FALSE)*100 -> 3.968254 | H29: =H12/VLOOKUP($C29,Valeurs!$A$3:$D$18,3,FALSE)*100 -> 8.4656085 | I29: =I12/VLOOKUP($C29,Valeurs!$A$3:$D$18,3,FALSE)*100 -> 5.2910053 | J29: =J12/VLOOKUP($C29,Valeurs!$A$3:$D$18,3,FALSE)*100 -> 0.13227513 | K29: =K12/VLOOKUP($C29,Valeurs!$A$3:$D$18,3,FALSE)*100 -> 4.7619048
C30: C2 | D30: =D13/VLOOKUP($C30,Valeurs!$A$3:$D$18,3,FALSE)*100 -> 5.7267833 | E30: =E13/VLOOKUP($C30,Valeurs!$A$3:$D$18,3,FALSE)*100 -> 5.8411844 | F30: =F13/VLOOKUP($C30,Valeurs!$A$3:$D$18,3,FALSE)*100 -> 5.7133244 | G30: =G13/VLOOKUP($C30,Valeurs!$A$3:$D$18,3,FALSE)*100 -> 5.9892328 | H30: =H13/VLOOKUP($C30,Valeurs!$A$3:$D$18,3,FALSE)*100 -> 4.5020188 | I30: =I13/VLOOKUP($C30,Valeurs!$A$3:$D$18,3,FALSE)*100 -> 5.8142665 | J30: =J13/VLOOKUP($C30,Valeurs!$A$3:$D$18,3,FALSE)*100 -> 5.3835801 | K30: =K13/VLOOKUP($C30,Valeurs!$A$3:$D$18,3,FALSE)*100 -> 5.7335128
C31: C3 | D31: =D14/VLOOKUP($C31,Valeurs!$A$3:$D$18,3,FALSE)*100 -> 6.3346228 | E31: =E14/VLOOKUP($C31,Valeurs!$A$3:$D$18,3,FALSE)*100 -> 5.860735 | F31: =F14/VLOOKUP($C31,Valeurs!$A$3:$D$18,3,FALSE)*100 -> 5.589942 | G31: =G14/VLOOKUP($C31,Valeurs!$A$3:$D$18,3,FALSE)*100 -> 5.7059961 | H31: =H14/VLOOKUP($C31,Valeurs!$A$3:$D$18,3,FALSE)*100 -> 5.5319149 | I31: =I14/VLOOKUP($C31,Valeurs!$A$3:$D$18,3,FALSE)*100 -> 5.5705996 | J31: =J14/VLOOKUP($C31,Valeurs!$A$3:$D$18,3,FALSE)*100 -> 6.344294 | K31: =K14/VLOOKUP($C31,Valeurs!$A$3:$D$18,3,FALSE)*100 -> 6.344294
C32: C4 | D32: =D15/VLOOKUP($C32,Valeurs!$A$3:$D$18,3,FALSE)*100 -> 5.0604839 | E32: =E15/VLOOKUP($C32,Valeurs!$A$3:$D$18,3,FALSE)*100 -> 5.8266129 | F32: =F15/VLOOKUP($C32,Valeurs!$A$3:$D$18,3,FALSE)*100 -> 6.0887097 | G32: =G15/VLOOKUP($C32,Valeurs!$A$3:$D$18,3,FALSE)*100 -> 6.25 | H32: =H15/VLOOKUP($C32,Valeurs!$A$3:$D$18,3,FALSE)*100 -> 7.641129 | I32: =I15/VLOOKUP($C32,Valeurs!$A$3:$D$18,3,FALSE)*100 -> 6.0483871 | J32: =J15/VLOOKUP($C32,Valeurs!$A$3:$D$18,3,FALSE)*100 -> 6.0282258 | K32: =K15/VLOOKUP($C32,Valeurs!$A$3:$D$18,3,FALSE)*100 -> 5.0806452

Sheet Valeurs
A1: Coalition (sorted) | B1: Coût (kNOK) (collaboration) | C1: Coût (kNOK) | D1: Économies (kNOK) | E1: Bonification (%)
C2: (somme des coûts individuels)
A4: C1 | B4: 3780 | C4: 3780 | D4: 0 | E4: 0
A5: C1 + C2 | B5: 18300 | C5: 18640 | D5: 340 | E5: 1.82
A6: C1 + C3 | B6: 14000 | C6: 14120 | D6: 120 | E6: 0.85
A7: C1 + C4 | B7: 8510 | C7: 8740 | D7: 230 | E7: 2.63
A8: C1+C2+C3 | B8: 27710 | C8: 28980 | D8: 1270 | E8: 4.38
A9: C1+C2+C3+C4 | B9: 32000 | C9: 33940 | D9: 1940 | E9: 5.72
A10: C1+C2+C4 | B10: 22490 | C10: 23600 | D10: 1110 | E10: 4.7
A11: C1+C3+C4 | B11: 18580 | C11: 19080 | D11: 500 | E11: 2.62
A12: C2 | B12: 14860 | C12: 14860 | D12: 0 | E12: 0
A13: C2 + C3 | B13: 24210 | C13: 25200 | D13: 990 | E13: 3.93
A14: C2 + C4 | B14: 19040 | C14: 19820 | D14: 780 | E14: 3.94
A15: C2+C3+C4 | B15: 28400 | C15: 30160 | D15: 1760 | E15: 5.84
... A18: C4 | B18: 4960 | C18: 4960 | D18: 0 | E18: 0
A21: Coalition (unsorted)
A23: C1
A24: C2
A25: C3
A26: C4
A27: C1 + C2
A28: C1 + C3
A29: C1 + C4
A30: C2 + C3
A31: C2 + C4
A32: C3 + C4
A33: C1+C2+C3
... A37: C1+C2+C3+C4
